"URL","Page number","No/Page","Rank"
https://tenshoku.mynavi.jp/jobinfo-237410-1-8-1/?ty=0&searchId=1208311063&pageNum=1&showNo=4,1,1
https://tenshoku.mynavi.jp/jobinfo-255398-1-3-1/?ty=0&searchId=1208311063&pageNum=1&showNo=5,1,2
https://tenshoku.mynavi.jp/jobinfo-173767-1-7-1/?ty=0&searchId=1208311063&pageNum=1&showNo=6,1,3
https://tenshoku.mynavi.jp/jobinfo-189873-1-10-1/?ty=0&searchId=1208311063&pageNum=1&showNo=7,1,4
https://tenshoku.mynavi.jp/jobinfo-258097-1-1-1/?ty=0&searchId=1208311063&pageNum=1&showNo=8,1,5
https://tenshoku.mynavi.jp/jobinfo-237190-1-16-1/?ty=0&searchId=1208311063&pageNum=1&showNo=9,1,6
https://tenshoku.mynavi.jp/jobinfo-244223-1-3-1/?ty=0&searchId=1208311063&pageNum=1&showNo=10,1,7
https://tenshoku.mynavi.jp/jobinfo-130575-1-13-1/?ty=0&searchId=1208311063&pageNum=1&showNo=11,1,8
https://tenshoku.mynavi.jp/jobinfo-260492-1-2-1/?ty=0&searchId=1208311063&pageNum=1&showNo=12,1,9
https://tenshoku.mynavi.jp/jobinfo-103448-1-70-1/?ty=0&searchId=1208311063&pageNum=1&showNo=13,1,10
https://tenshoku.mynavi.jp/jobinfo-205767-1-7-1/?ty=0&searchId=1208311063&pageNum=1&showNo=14,1,11
https://tenshoku.mynavi.jp/jobinfo-239478-1-4-1/?ty=0&searchId=1208311063&pageNum=1&showNo=15,1,12
https://tenshoku.mynavi.jp/jobinfo-200043-1-9-1/?ty=0&searchId=1208311063&pageNum=1&showNo=16,1,13
https://tenshoku.mynavi.jp/jobinfo-233515-1-5-1/?ty=0&searchId=1208311063&pageNum=1&showNo=17,1,14
https://tenshoku.mynavi.jp/jobinfo-259830-1-2-1/?ty=0&searchId=1208311063&pageNum=1&showNo=18,1,15
https://tenshoku.mynavi.jp/jobinfo-260231-1-1-1/?ty=0&searchId=1208311063&pageNum=1&showNo=19,1,16
https://tenshoku.mynavi.jp/jobinfo-130024-1-60-1/?ty=0&searchId=1208311063&pageNum=1&showNo=20,1,17
https://tenshoku.mynavi.jp/jobinfo-24247-1-128-1/?ty=0&searchId=1208311063&pageNum=1&showNo=21,1,18
https://tenshoku.mynavi.jp/jobinfo-181937-1-15-1/?ty=0&searchId=1208311063&pageNum=1&showNo=22,1,19
https://tenshoku.mynavi.jp/jobinfo-237975-1-2-1/?ty=0&searchId=1208311063&pageNum=1&showNo=23,1,20
https://tenshoku.mynavi.jp/jobinfo-183324-1-20-1/?ty=0&searchId=1208311063&pageNum=1&showNo=24,1,21
https://tenshoku.mynavi.jp/jobinfo-166228-1-1-1/?ty=0&searchId=1208311063&pageNum=1&showNo=25,1,22
https://tenshoku.mynavi.jp/jobinfo-260719-1-1-1/?ty=0&searchId=1208311063&pageNum=1&showNo=26,1,23
https://tenshoku.mynavi.jp/jobinfo-189793-1-33-1/?ty=0&searchId=1208311063&pageNum=1&showNo=27,1,24
https://tenshoku.mynavi.jp/jobinfo-115538-1-2-1/?ty=0&searchId=1208311063&pageNum=1&showNo=28,1,25
https://tenshoku.mynavi.jp/jobinfo-257055-1-1-1/?ty=0&searchId=1208311063&pageNum=1&showNo=29,1,26
https://tenshoku.mynavi.jp/jobinfo-109593-1-3-1/?ty=0&searchId=1208311063&pageNum=1&showNo=30,1,27
https://tenshoku.mynavi.jp/jobinfo-52476-1-268-1/?ty=0&searchId=1208311063&pageNum=1&showNo=31,1,28
https://tenshoku.mynavi.jp/jobinfo-255807-1-4-1/?ty=0&searchId=1208311063&pageNum=1&showNo=32,1,29
https://tenshoku.mynavi.jp/jobinfo-260483-1-1-1/?ty=0&searchId=1208311063&pageNum=1&showNo=33,1,30
https://tenshoku.mynavi.jp/jobinfo-103427-1-31-1/?ty=0&searchId=1208311063&pageNum=1&showNo=34,1,31
https://tenshoku.mynavi.jp/jobinfo-110680-1-30-1/?ty=0&searchId=1208311063&pageNum=1&showNo=35,1,32
https://tenshoku.mynavi.jp/jobinfo-174567-1-31-1/?ty=0&searchId=1208311063&pageNum=1&showNo=36,1,33
https://tenshoku.mynavi.jp/jobinfo-204363-1-10-1/?ty=0&searchId=1208311063&pageNum=1&showNo=37,1,34
https://tenshoku.mynavi.jp/jobinfo-251106-1-4-1/?ty=0&searchId=1208311063&pageNum=1&showNo=38,1,35
https://tenshoku.mynavi.jp/jobinfo-227190-1-52-1/?ty=0&searchId=1208311063&pageNum=1&showNo=39,1,36
https://tenshoku.mynavi.jp/jobinfo-90887-1-26-1/?ty=0&searchId=1208311063&pageNum=1&showNo=40,1,37
https://tenshoku.mynavi.jp/jobinfo-253172-1-2-1/?ty=0&searchId=1208311063&pageNum=1&showNo=41,1,38
https://tenshoku.mynavi.jp/jobinfo-103012-1-3-1/?ty=0&searchId=1208311063&pageNum=1&showNo=42,1,39
https://tenshoku.mynavi.jp/jobinfo-223781-1-4-1/?ty=0&searchId=1208311063&pageNum=1&showNo=43,1,40
https://tenshoku.mynavi.jp/jobinfo-234597-1-6-1/?ty=0&searchId=1208311063&pageNum=1&showNo=44,1,41
https://tenshoku.mynavi.jp/jobinfo-256502-1-6-1/?ty=0&searchId=1208311063&pageNum=1&showNo=45,1,42
https://tenshoku.mynavi.jp/jobinfo-261089-1-1-1/?ty=0&searchId=1208311063&pageNum=1&showNo=46,1,43
https://tenshoku.mynavi.jp/jobinfo-234799-1-6-1/?ty=0&searchId=1208311063&pageNum=1&showNo=47,1,44
https://tenshoku.mynavi.jp/jobinfo-235727-1-4-1/?ty=0&searchId=1208311063&pageNum=1&showNo=48,1,45
https://tenshoku.mynavi.jp/jobinfo-197614-1-12-1/?ty=0&searchId=1208311063&pageNum=1&showNo=49,1,46
https://tenshoku.mynavi.jp/jobinfo-175368-1-1-1/?ty=0&searchId=1208311063&pageNum=1&showNo=50,1,47
https://tenshoku.mynavi.jp/jobinfo-103325-1-1-1/?ty=0&searchId=1208311123&pageNum=2&showNo=1,2,1
https://tenshoku.mynavi.jp/jobinfo-178367-1-21-1/?ty=0&searchId=1208311123&pageNum=2&showNo=2,2,2
https://tenshoku.mynavi.jp/jobinfo-179899-1-3-1/?ty=0&searchId=1208311123&pageNum=2&showNo=3,2,3
https://tenshoku.mynavi.jp/jobinfo-197498-1-10-1/?ty=0&searchId=1208311123&pageNum=2&showNo=4,2,4
https://tenshoku.mynavi.jp/jobinfo-205767-1-6-1/?ty=0&searchId=1208311123&pageNum=2&showNo=5,2,5
https://tenshoku.mynavi.jp/jobinfo-243685-1-9-1/?ty=0&searchId=1208311123&pageNum=2&showNo=6,2,6
https://tenshoku.mynavi.jp/jobinfo-258108-1-1-1/?ty=0&searchId=1208311123&pageNum=2&showNo=7,2,7
https://tenshoku.mynavi.jp/jobinfo-117179-1-15-3/?ty=0&searchId=1208311123&pageNum=2&showNo=8,2,8
https://tenshoku.mynavi.jp/jobinfo-107668-1-8-1/?ty=0&searchId=1208311123&pageNum=2&showNo=9,2,9
https://tenshoku.mynavi.jp/jobinfo-260337-1-1-1/?ty=0&searchId=1208311123&pageNum=2&showNo=10,2,10
https://tenshoku.mynavi.jp/jobinfo-147722-1-60-1/?ty=0&searchId=1208311123&pageNum=2&showNo=11,2,11
https://tenshoku.mynavi.jp/jobinfo-176029-1-39-1/?ty=0&searchId=1208311123&pageNum=2&showNo=12,2,12
https://tenshoku.mynavi.jp/jobinfo-128927-1-32-1/?ty=0&searchId=1208311123&pageNum=2&showNo=13,2,13
https://tenshoku.mynavi.jp/jobinfo-252175-1-2-1/?ty=0&searchId=1208311123&pageNum=2&showNo=14,2,14
https://tenshoku.mynavi.jp/jobinfo-259753-1-3-1/?ty=0&searchId=1208311123&pageNum=2&showNo=15,2,15
https://tenshoku.mynavi.jp/jobinfo-250464-1-6-1/?ty=0&searchId=1208311123&pageNum=2&showNo=16,2,16
https://tenshoku.mynavi.jp/jobinfo-259935-1-1-1/?ty=0&searchId=1208311123&pageNum=2&showNo=17,2,17
https://tenshoku.mynavi.jp/jobinfo-257189-1-4-1/?ty=0&searchId=1208311123&pageNum=2&showNo=18,2,18
https://tenshoku.mynavi.jp/jobinfo-249638-1-14-1/?ty=0&searchId=1208311123&pageNum=2&showNo=19,2,19
https://tenshoku.mynavi.jp/jobinfo-240401-1-2-1/?ty=0&searchId=1208311123&pageNum=2&showNo=20,2,20
https://tenshoku.mynavi.jp/jobinfo-235459-1-3-1/?ty=0&searchId=1208311123&pageNum=2&showNo=21,2,21
https://tenshoku.mynavi.jp/jobinfo-154935-1-36-1/?ty=0&searchId=1208311123&pageNum=2&showNo=22,2,22
https://tenshoku.mynavi.jp/jobinfo-161900-1-280-1/?ty=0&searchId=1208311123&pageNum=2&showNo=23,2,23
https://tenshoku.mynavi.jp/jobinfo-26767-1-49-1/?ty=0&searchId=1208311123&pageNum=2&showNo=24,2,24
https://tenshoku.mynavi.jp/jobinfo-250084-1-4-1/?ty=0&searchId=1208311123&pageNum=2&showNo=25,2,25
https://tenshoku.mynavi.jp/jobinfo-108381-1-30-1/?ty=0&searchId=1208311123&pageNum=2&showNo=26,2,26
https://tenshoku.mynavi.jp/jobinfo-218506-1-6-1/?ty=0&searchId=1208311123&pageNum=2&showNo=27,2,27
https://tenshoku.mynavi.jp/jobinfo-169408-1-7-1/?ty=0&searchId=1208311123&pageNum=2&showNo=28,2,28
https://tenshoku.mynavi.jp/jobinfo-247235-1-10-1/?ty=0&searchId=1208311123&pageNum=2&showNo=29,2,29
https://tenshoku.mynavi.jp/jobinfo-102027-1-11-1/?ty=0&searchId=1208311123&pageNum=2&showNo=30,2,30
https://tenshoku.mynavi.jp/jobinfo-194605-1-10-1/?ty=0&searchId=1208311123&pageNum=2&showNo=31,2,31
https://tenshoku.mynavi.jp/jobinfo-171675-1-2-1/?ty=0&searchId=1208311123&pageNum=2&showNo=32,2,32
https://tenshoku.mynavi.jp/jobinfo-247337-1-2-1/?ty=0&searchId=1208311123&pageNum=2&showNo=33,2,33
https://tenshoku.mynavi.jp/jobinfo-153362-1-66-1/?ty=0&searchId=1208311123&pageNum=2&showNo=34,2,34
https://tenshoku.mynavi.jp/jobinfo-124125-1-19-1/?ty=0&searchId=1208311123&pageNum=2&showNo=35,2,35
https://tenshoku.mynavi.jp/jobinfo-223003-1-7-1/?ty=0&searchId=1208311123&pageNum=2&showNo=36,2,36
https://tenshoku.mynavi.jp/jobinfo-196873-1-1-1/?ty=0&searchId=1208311123&pageNum=2&showNo=37,2,37
https://tenshoku.mynavi.jp/jobinfo-104532-1-19-1/?ty=0&searchId=1208311123&pageNum=2&showNo=38,2,38
https://tenshoku.mynavi.jp/jobinfo-237182-1-2-1/?ty=0&searchId=1208311123&pageNum=2&showNo=39,2,39
https://tenshoku.mynavi.jp/jobinfo-138131-1-51-1/?ty=0&searchId=1208311123&pageNum=2&showNo=40,2,40
https://tenshoku.mynavi.jp/jobinfo-149388-1-70-1/?ty=0&searchId=1208311123&pageNum=2&showNo=41,2,41
https://tenshoku.mynavi.jp/jobinfo-259721-1-1-1/?ty=0&searchId=1208311123&pageNum=2&showNo=42,2,42
https://tenshoku.mynavi.jp/jobinfo-124405-1-42-1/?ty=0&searchId=1208311123&pageNum=2&showNo=43,2,43
https://tenshoku.mynavi.jp/jobinfo-259753-1-4-1/?ty=0&searchId=1208311123&pageNum=2&showNo=44,2,44
https://tenshoku.mynavi.jp/jobinfo-250477-1-4-1/?ty=0&searchId=1208311123&pageNum=2&showNo=45,2,45
https://tenshoku.mynavi.jp/jobinfo-160083-1-23-1/?ty=0&searchId=1208311123&pageNum=2&showNo=46,2,46
https://tenshoku.mynavi.jp/jobinfo-181341-1-8-1/?ty=0&searchId=1208311123&pageNum=2&showNo=47,2,47
https://tenshoku.mynavi.jp/jobinfo-146742-1-8-3/?ty=0&searchId=1208311123&pageNum=2&showNo=48,2,48
https://tenshoku.mynavi.jp/jobinfo-143434-1-34-2/?ty=0&searchId=1208311123&pageNum=2&showNo=49,2,49
https://tenshoku.mynavi.jp/jobinfo-189347-1-4-1/?ty=0&searchId=1208311123&pageNum=2&showNo=50,2,50
https://tenshoku.mynavi.jp/jobinfo-141923-1-21-1/?ty=0&searchId=1208311185&pageNum=3&showNo=1,3,1
https://tenshoku.mynavi.jp/jobinfo-242001-1-7-1/?ty=0&searchId=1208311185&pageNum=3&showNo=2,3,2
https://tenshoku.mynavi.jp/jobinfo-182604-1-5-1/?ty=0&searchId=1208311185&pageNum=3&showNo=3,3,3
https://tenshoku.mynavi.jp/jobinfo-163308-1-9-1/?ty=0&searchId=1208311185&pageNum=3&showNo=4,3,4
https://tenshoku.mynavi.jp/jobinfo-252354-1-7-1/?ty=0&searchId=1208311185&pageNum=3&showNo=5,3,5
https://tenshoku.mynavi.jp/jobinfo-138880-1-18-1/?ty=0&searchId=1208311185&pageNum=3&showNo=6,3,6
https://tenshoku.mynavi.jp/jobinfo-160083-1-22-1/?ty=0&searchId=1208311185&pageNum=3&showNo=7,3,7
https://tenshoku.mynavi.jp/jobinfo-232447-1-5-1/?ty=0&searchId=1208311185&pageNum=3&showNo=8,3,8
https://tenshoku.mynavi.jp/jobinfo-233049-1-5-1/?ty=0&searchId=1208311185&pageNum=3&showNo=9,3,9
https://tenshoku.mynavi.jp/jobinfo-180869-1-65-1/?ty=0&searchId=1208311185&pageNum=3&showNo=10,3,10
https://tenshoku.mynavi.jp/jobinfo-260708-1-1-1/?ty=0&searchId=1208311185&pageNum=3&showNo=11,3,11
https://tenshoku.mynavi.jp/jobinfo-109499-1-83-1/?ty=0&searchId=1208311185&pageNum=3&showNo=12,3,12
https://tenshoku.mynavi.jp/jobinfo-189286-1-1-1/?ty=0&searchId=1208311185&pageNum=3&showNo=13,3,13
https://tenshoku.mynavi.jp/jobinfo-178356-1-4-1/?ty=0&searchId=1208311185&pageNum=3&showNo=14,3,14
https://tenshoku.mynavi.jp/jobinfo-250473-1-8-1/?ty=0&searchId=1208311185&pageNum=3&showNo=15,3,15
https://tenshoku.mynavi.jp/jobinfo-208128-1-14-1/?ty=0&searchId=1208311185&pageNum=3&showNo=16,3,16
https://tenshoku.mynavi.jp/jobinfo-117179-1-15-4/?ty=0&searchId=1208311185&pageNum=3&showNo=17,3,17
https://tenshoku.mynavi.jp/jobinfo-173281-1-93-1/?ty=0&searchId=1208311185&pageNum=3&showNo=18,3,18
https://tenshoku.mynavi.jp/jobinfo-112551-1-16-1/?ty=0&searchId=1208311185&pageNum=3&showNo=19,3,19
https://tenshoku.mynavi.jp/jobinfo-250978-1-6-1/?ty=0&searchId=1208311185&pageNum=3&showNo=20,3,20
https://tenshoku.mynavi.jp/jobinfo-146742-1-8-1/?ty=0&searchId=1208311185&pageNum=3&showNo=21,3,21
https://tenshoku.mynavi.jp/jobinfo-147722-1-58-1/?ty=0&searchId=1208311185&pageNum=3&showNo=22,3,22
https://tenshoku.mynavi.jp/jobinfo-547-1-39-1/?ty=0&searchId=1208311185&pageNum=3&showNo=23,3,23
https://tenshoku.mynavi.jp/jobinfo-99633-1-7-1/?ty=0&searchId=1208311185&pageNum=3&showNo=24,3,24
https://tenshoku.mynavi.jp/jobinfo-239035-1-2-1/?ty=0&searchId=1208311185&pageNum=3&showNo=25,3,25
https://tenshoku.mynavi.jp/jobinfo-200043-1-10-1/?ty=0&searchId=1208311185&pageNum=3&showNo=26,3,26
https://tenshoku.mynavi.jp/jobinfo-225298-1-10-1/?ty=0&searchId=1208311185&pageNum=3&showNo=27,3,27
https://tenshoku.mynavi.jp/jobinfo-141923-1-20-1/?ty=0&searchId=1208311185&pageNum=3&showNo=28,3,28
https://tenshoku.mynavi.jp/jobinfo-127643-1-51-1/?ty=0&searchId=1208311185&pageNum=3&showNo=29,3,29
https://tenshoku.mynavi.jp/jobinfo-170145-1-9-1/?ty=0&searchId=1208311185&pageNum=3&showNo=30,3,30
https://tenshoku.mynavi.jp/jobinfo-94446-1-27-1/?ty=0&searchId=1208311185&pageNum=3&showNo=31,3,31
https://tenshoku.mynavi.jp/jobinfo-94484-1-6-1/?ty=0&searchId=1208311185&pageNum=3&showNo=32,3,32
https://tenshoku.mynavi.jp/jobinfo-240092-1-6-1/?ty=0&searchId=1208311185&pageNum=3&showNo=33,3,33
https://tenshoku.mynavi.jp/jobinfo-163152-1-14-1/?ty=0&searchId=1208311185&pageNum=3&showNo=34,3,34
https://tenshoku.mynavi.jp/jobinfo-243685-1-10-1/?ty=0&searchId=1208311185&pageNum=3&showNo=35,3,35
https://tenshoku.mynavi.jp/jobinfo-113399-1-91-1/?ty=0&searchId=1208311185&pageNum=3&showNo=36,3,36
https://tenshoku.mynavi.jp/jobinfo-256351-1-3-1/?ty=0&searchId=1208311185&pageNum=3&showNo=37,3,37
https://tenshoku.mynavi.jp/jobinfo-226824-1-8-1/?ty=0&searchId=1208311185&pageNum=3&showNo=38,3,38
https://tenshoku.mynavi.jp/jobinfo-260129-1-1-1/?ty=0&searchId=1208311185&pageNum=3&showNo=39,3,39
https://tenshoku.mynavi.jp/jobinfo-104516-1-29-1/?ty=0&searchId=1208311185&pageNum=3&showNo=40,3,40
https://tenshoku.mynavi.jp/jobinfo-161412-1-12-1/?ty=0&searchId=1208311185&pageNum=3&showNo=41,3,41
https://tenshoku.mynavi.jp/jobinfo-98828-1-123-1/?ty=0&searchId=1208311185&pageNum=3&showNo=42,3,42
https://tenshoku.mynavi.jp/jobinfo-143434-1-34-1/?ty=0&searchId=1208311185&pageNum=3&showNo=43,3,43
https://tenshoku.mynavi.jp/jobinfo-200959-1-4-1/?ty=0&searchId=1208311185&pageNum=3&showNo=44,3,44
https://tenshoku.mynavi.jp/jobinfo-258808-1-2-1/?ty=0&searchId=1208311185&pageNum=3&showNo=45,3,45
https://tenshoku.mynavi.jp/jobinfo-250710-1-3-1/?ty=0&searchId=1208311185&pageNum=3&showNo=46,3,46
https://tenshoku.mynavi.jp/jobinfo-159487-1-1-1/?ty=0&searchId=1208311185&pageNum=3&showNo=47,3,47
https://tenshoku.mynavi.jp/jobinfo-15847-1-667-1/?ty=0&searchId=1208311185&pageNum=3&showNo=48,3,48
https://tenshoku.mynavi.jp/jobinfo-189762-1-8-1/?ty=0&searchId=1208311185&pageNum=3&showNo=49,3,49
https://tenshoku.mynavi.jp/jobinfo-209534-1-3-1/?ty=0&searchId=1208311185&pageNum=3&showNo=50,3,50
